idx,sin,cos,anomaly
0,0.008523731791944244,1.0085237317919442,0
1,0.008084246357786663,1.0071753374963524,0
2,0.0049789129057875225,1.0031602705676241,0
3,-0.005238835438265133,0.9920319648824097,0
4,0.004709956494458847,1.0010693763610823,0
5,-0.002389023932642738,0.9930581931192615,0
6,-0.0012086998417362785,0.9933254927876816,0
7,0.0017170982928851912,0.9953374456456282,0
8,0.006343634001599172,0.9990493159777355,0
9,0.015140413914880543,1.0069306111694114,0
10,0.008620847875172196,0.9994947418187083,0
11,0.019853126428119417,1.0098098992275568,0
12,0.009251724143347118,0.9982905587225418,0
13,0.0168316067732676,1.0049516868137098,0
14,0.004881876993619326,0.9920823869351081,0
15,0.017892878986839986,1.0041730040281553,0
16,0.019793556757900142,1.0051524828574765,0
17,0.02189946133329089,1.006336375209888,0
18,0.019538334781577113,1.0030524239149519,0
19,0.009626445175420613,0.9922168978069978,0
20,0.008612463733339282,0.9902784688668813,0
21,0.016079713001601922,0.9968204604038781,0
22,0.02032741482867386,1.0001420950301294,0
23,0.02632923170164659,1.0052170359970705,0
24,0.031718076614153955,1.0096781970633468,0
25,0.020792010157048235,0.9978236395854887,0
26,0.01382798646417768,0.989930318463689,0
27,0.016884972298973844,0.992057201228389,0
28,0.016552028141724313,0.9907933491275515,0
29,0.018643097737565287,0.9919527066746517,0
30,0.026562102704455803,0.9989391962566521,0
31,0.025501742490447576,0.9969455180912699,0
32,0.03380832299779572,1.0043179788510888,0
33,0.03804803553898801,1.0076227706195868,0
34,0.021747394768254172,0.9903864088226451,0
35,0.028640475409082027,0.996342968956063,0
36,0.023870352946930087,0.990635527278271,0
37,0.04018595891876229,1.006013016099864,0
38,0.03250008778233545,0.9973882306528881,0
39,0.044589691514493324,1.0085381236891344,0
40,0.028024717785578128,0.9910326436545505,0
41,0.04652027097184473,1.008586895701652,0
42,0.028714295947840755,0.9898388254819044,0
43,0.03367659358288872,0.9938582346422029,0
44,0.03424075726965796,0.9934787173534445,0
45,0.04988198595204373,1.0081754733384063,0
46,0.04435323359777825,1.0017014573443552,0
47,0.04283587861417553,0.9992380485587937,0
48,0.043664611859421026,0.9991199386207472,0
49,0.0368416740725175,0.99134936905071,0
50,0.0536840859297168,1.0072433613070768,0
51,0.0382889818875336,0.990899050629155,0
52,0.0388891962027571,0.9905492720571759,0
53,0.03866995495495666,0.9893792524548005,0
54,0.04581570301239441,0.9955734374750305,0
55,0.055267721089010916,1.0040731086171937,0
56,0.04517996236760516,0.9930322198501232,0
57,0.049802512991898806,0.9967008581042217,0
58,0.04794457723008163,0.9938882284350049,0
59,0.05156475833173382,0.9965529348800246,0
60,0.059627293614676155,1.0036592155457174,0
61,0.053044468145680465,0.9961193562881147,0
62,0.05960189666607771,1.00171897263845,0
63,0.06142982538206014,1.0025883115934604,0
64,0.055509728821079886,0.9957088484717854,0
65,0.05594316357253767,0.9951821406546536,0
66,0.06726451363910599,1.005542572937206,0
67,0.06027028582944521,0.9975866529212112,0
68,0.05550648644081834,0.9918603876976799,0
69,0.05984952685788292,0.9952401894456557,0
70,0.057469756854440675,0.9918964087339643,0
71,0.06401456540977528,0.9974764353375505,0
72,0.06919776914966035,1.0016940866784856,0
73,0.059865752880581435,0.9913957483601887,0
74,0.06343380530658325,0.9939967098842736,0
75,0.06723101717252207,0.9968260627937998,0
76,0.06639826164903412,0.995024681058241,0
77,0.06140305692962725,0.9890600836705756,0
78,0.0801871543141577,1.0068740227307633,0
79,0.06560905400101961,0.991324999237933,0
80,0.06739161311185472,0.9921358711150934,0
81,0.07499446957919573,0.998766277096774,0
82,0.07296085684996058,0.99575945143252,0
83,0.07175626747234826,0.9935808874737864,0
84,0.06701828969205377,0.9878681742701535,0
85,0.08239213444667305,1.0022665235637302,0
86,0.06963616920702446,0.988534303630475,0
87,0.08518684405365992,1.003107965356707,0
88,0.07149746378749536,0.9884408143497345,0
89,0.0724837106082432,0.9884485336162888,0
90,0.07290912493488626,0.987894664382995,0
91,0.08058317902546437,0.9945886797161602,0
92,0.09243009644563684,1.0054548039903335,0
93,0.0801338319162721,0.9921769927358964,0
94,0.09085625383087238,1.001917115156486,0
95,0.0817029849599735,0.991780794833394,0
96,0.09547986209754204,1.0045738693719635,0
97,0.08800560380813174,0.9961150581487455,0
98,0.09086149356327683,0.9979856454478898,0
99,0.08214918198849638,0.9882872827081502,0
100,0.08359723586092502,0.9887485375205141,0
101,0.09716861676796314,1.0013323722868515,0
102,0.08298541375370454,0.9861608768663428,0
103,0.09033659781286218,0.9925230230694033,0
104,0.09729393859729601,0.9984905813642109,0
105,0.10039994052003486,1.0006060569807265,0
106,0.09488925985010234,0.9941041070055201,0
107,0.0929585105068719,0.9911813461761244,0
108,0.0927548507487646,0.9899849335697328,0
109,0.09904611099390982,0.9952827004238582,0
110,0.10815817489602668,1.0034005312122154,0
111,0.10810259385173178,1.0023499781520262,0
112,0.09888985685293553,0.9921415310564167,0
113,0.10552578215698385,0.9977810090045576,0
114,0.106313060509156,0.9975711035641615,0
115,0.1135747045389338,1.003834828187751,0
116,0.10448335420649033,0.9937448236591478,0
117,0.1030083689770812,0.991270450267862,0
118,0.10869806834770111,0.9959600283357487,0
119,0.10100713030317628,0.9872682366730999,0
120,0.1158570726228188,1.0011165938852975,0
121,0.11684898017875141,1.0011061856711383,0
122,0.11871551064694295,1.0019696705338679,0
123,0.11414560589133865,0.9963959911653106,0
124,0.10940174742997168,0.9906476299119804,0
125,0.12300708194668232,1.0032477342867998,0
126,0.11030046382883452,0.9895351595068148,0
127,0.1159448304464849,0.9941728437723639,0
128,0.12218276436875554,0.9994033704834503,0
129,0.10805252738418446,0.9842650022600907,0
130,0.10981964239121535,0.9850232628328061,0
131,0.12180263128247006,0.9959966749268915,0
132,0.1296082241232295,1.0027919694408978,0
133,0.13040209737051967,1.0025748236657162,0
134,0.1168871552719777,0.9880481426834443,0
135,0.12556003758326587,0.9957085670847987,0
136,0.12630383854957866,0.9954391919506216,0
137,0.12772714995843557,0.995848609904673,0
138,0.1268819337149374,0.9939887836888864,0
139,0.13303878464059277,0.9991303089621946,0
140,0.12018639061521953,0.9852618744424301,0
141,0.13590620173469967,0.9999649310640795,0
142,0.1369551226042377,0.9999963842715415,0
143,0.12209015628153616,0.9841132379623013,0
144,0.12991115569913458,0.990915345909269,0
145,0.12985586716241976,0.9898404552587894,0
146,0.1356478728517674,0.9946121490327825,0
147,0.1277069486428706,0.9856502039490715,0
148,0.1386111047519628,0.9955326310666056,0
149,0.13508427828221567,0.9909833683318559,0
150,0.13445305858256482,0.9893290059376416,0
151,0.13213534358790466,0.985987442663324,0
152,0.14272470907553017,0.9955522551312471,0
153,0.13429909708562665,0.9861013862272268,0
154,0.13945574026166663,0.9902320694409472,0
155,0.13520116611457564,0.9849508331301259,0
156,0.1385964718821523,0.9873187753799331,0
157,0.13225089996847686,0.9799451394423992,0
158,0.14234731275937476,0.9890127885518785,0
159,0.14292041956280216,0.9885564328654328,0
160,0.1448765705391225,0.9894824233931085,0
161,0.1408279233099834,0.9844029186068123,0
162,0.15283884495491662,0.99538228643691,0
163,0.1553003458669108,0.9968115381277991,0
164,0.1518799131744704,0.9923581616599669,0
165,0.14806321802538525,0.9875078290337598,0
166,0.14603022551456163,0.9844405061972122,0
167,0.1432323701221217,0.9806076284841472,0
168,0.15733012295250576,0.9936696678532764,0
169,0.16057443905641022,0.9958775802101388,0
170,0.14606000270909697,0.9803260506854079,0
171,0.15376184530102038,0.9869901115255189,0
172,0.15762016080503086,0.9898099575598717,0
173,0.15564303568623392,0.9867936761106885,0
174,0.1474959942082964,0.9776067922993198,0
175,0.15257113165040614,0.9816414022632035,0
176,0.16803366898597205,0.9960627278345642,0
177,0.16341219323845949,0.9903993568962471,0
178,0.1541854187537887,0.980130004654117,0
179,0.1718962753659051,0.9967976018026271,0
180,0.16895091950066893,0.9928083056287078,0
181,0.16608273080186894,0.9888954966377801,0
182,0.16877950950060128,0.9905469759231338,0
183,0.17123322183601097,0.9919547105866678,0
184,0.1658004845050144,0.9854753181886127,0
185,0.16972830653346727,0.9883558086186969,0
186,0.15947967630900428,0.9770591711289864,0
187,0.1784240079923647,0.9949548207452097,0
188,0.17814620067219014,0.9936276574215541,0
189,0.17530798261988945,0.9897394102955309,0
190,0.17831163279070833,0.9916923591890434,0
191,0.17228785444829164,0.9846172082329493,0
192,0.17512511325122365,0.9864024239535992,0
193,0.1835769204627099,0.9938015184825187,0
194,0.1655740338611195,0.9747452504669498,0
195,0.17832850052150204,0.9864456678513667,0
196,0.16778210495784818,0.9748445560197359,0
197,0.18652277034985132,0.9925298390222771,0
198,0.18500571265927027,0.9899567336918256,0
199,0.17840093019667572,0.982295239210577,0
200,0.17794033593006076,0.9807772694186982,0
201,0.18024689128975954,0.9820257866192446,0
202,0.1771005795312014,0.9778207749409136,0
203,0.17638525194562396,0.9760460865487574,0
204,0.1782051807969965,0.9768059945811047,0
205,0.1753627831694019,0.9729029169969435,0
206,0.1795465504303609,0.9760253460392428,0
207,0.19237808873638995,0.9877948887405112,0
208,0.1786788999706486,0.9730330478604426,0
209,0.19452865873643033,0.9878194988794069,0
210,0.1943720176764278,0.9865988953177142,0
211,0.18375094130734002,0.9749132025702214,0
212,0.18234783405295793,0.9724448259394173,0
213,0.18716670617200018,0.9761977765632569,0
214,0.2016885379995327,0.9896530356565809,0
215,0.19249904015556124,0.9793963147197076,0
216,0.18606227976403722,0.9718916817574372,0
217,0.19468352995548235,0.9794444107816768,0
218,0.18733165533546803,0.9710233672799182,0
219,0.20583349514443547,0.9884553913750577,0
220,0.195059252523266,0.9766106870909655,0
221,0.20362682965041862,0.9841071574896229,0
222,0.1945582754169674,0.9739668523461584,0
223,0.20793097857275142,0.9862671612949971,0
224,0.19576885741598996,0.9730320035194757,0
225,0.20649413358017588,0.9826836015387344,0
226,0.19791673573033192,0.9730318849039726,0
227,0.19551840210402435,0.9695585927394624,0
228,0.20005923159029962,0.973023824821484,0
229,0.20982914857727003,0.9817175064259104,0
230,0.20316294293412582,0.9739744283102195,0
231,0.2002005953816023,0.96993457208396,0
232,0.20893822199322967,0.9775940547100006,0
233,0.2165450888016136,0.9841221431108096,0
234,0.21001729529639693,0.9765149376664166,0
235,0.22014086296965105,0.9855584607598019,0
236,0.21053498857117092,0.9748719100321924,0
237,0.2207377140207326,0.983993328295317,0
238,0.20978404002480341,0.9719577171481165,0
239,0.21321521165324794,0.9743063225534492,0
240,0.22016781143546643,0.9801757279342281,0
241,0.21988518085883607,0.9788092756718614,0
242,0.22367934918016408,0.9815189959177057,0
243,0.21500675412302436,0.9717613272904007,0
244,0.21786476983889466,0.9735336448370066,0
245,0.22436003180313857,0.9789425849289844,0
246,0.22521024408360482,0.9787058525307958,0
247,0.22826376107247792,0.9806718029317516,0
248,0.2239962061168743,0.9753160603766083,0
249,0.22654786554887704,0.9767789120956016,0
250,0.22766595334503414,0.9768075729639436,0
251,0.23237061107526688,0.9804221854507311,0
252,0.22189925304484684,0.9688601647609212,0
253,0.22650268623263203,0.9723723187735673,0
254,0.22016619212229022,0.9649439298730415,0
255,0.23693493152811199,0.9806201597748463,0
256,0.23711165606817297,0.9797037609987772,0
257,0.23290254980265943,0.9744009185072467,0
258,0.22599803907230814,0.9664020595437237,0
259,0.22508043873525407,0.9643894998695804,0
260,0.24220065719072165,0.9804141487877829,0
261,0.23568881767937236,0.9728061304432377,0
262,0.22619648389762073,0.9622170094371079,0
263,0.24312779724799696,0.9780509280771738,0
264,0.2410861246582143,0.9749112541969003,0
265,0.24399311007006352,0.9767196326443305,0
266,0.23035552619963798,0.9619828370423101,0
267,0.2487790930420305,0.9793065882931835,0
268,0.23905573326879953,0.9684828099762587,0
269,0.23918107563237698,0.9675071317522153,0
270,0.24121356861699167,0.9684380030140264,0
271,0.24437596742268616,0.9704981798709751,0
272,0.24838125882177445,0.9734006500051113,0
273,0.24613245496790154,0.9700484264803108,0
274,0.24945930683725603,0.9722712611834864,0
275,0.23846886971286682,0.9601762103088849,0
276,0.23976114725514813,0.9603632784286303,0
277,0.250153996014922,0.9696503230057468,0
278,0.24415397497960867,0.9625439039403468,0
279,0.25639827715384667,0.9736812151502519,0
280,0.24715029354409598,0.9633256485555938,0
281,0.2559306890126579,0.970997869932835,0
282,0.24572543859350313,0.9596838552305945,0
283,0.2521324693241817,0.9649815324015584,0
284,0.26347639151552177,0.9752155126721765,0
285,0.25188929531467996,0.9625178871057137,0
286,0.24912301202110623,0.9586404879182123,0
287,0.25975842752518324,0.9681642019171318,0
288,0.2623377031134975,0.9696311913066186,0
289,0.2524475695498382,0.9586281877685044,0
290,0.26296943256828414,0.9680365979553928,0
291,0.2551395769799014,0.9590927075973552,0
292,0.2535583538044056,0.9563968686335931,0
293,0.25577905197077705,0.9575023709130522,0
294,0.2554838518135411,0.9560913956907019,0
295,0.2670871098297199,0.9665783003844869,0
296,0.267215600441599,0.9655898603380919,0
297,0.2703316802437247,0.9675884330679394,0
298,0.2752475723684155,0.9713862426286997,0
299,0.270116231934775,0.9651362450623029,0
300,0.26652544862654765,0.9604262309757946,0
301,0.27422340455595096,0.9670043834051669,0
302,0.270735360082055,0.9623959636337367,0
303,0.26872864997752455,0.959268307358888,0
304,0.26298493224489555,0.9524030735083472,0
305,0.26623599327395014,0.9545320493975569,0
306,0.2835585464704296,0.9707319493583887,0
307,0.2814504436834673,0.9675006261665752,0
308,0.2661866840576294,0.9511130798937502,0
309,0.28385414188604513,0.9676561857605774,0
310,0.2827902591789517,0.9654673867052952,0
311,0.27821084479844993,0.9597624925184717,0
312,0.28934741209162457,0.9697730174761237,0
313,0.2893201950502409,0.9686191964994131,0
314,0.28386255101315283,0.9620343878570538,0
315,0.284472703479212,0.96151681597822,0
316,0.29110380087261734,0.9670196302178956,0
317,0.2905129388800018,0.9652999271939593,0
318,0.29257104101588866,0.966228631352641,0
319,0.28647846605962834,0.9590061024054571,0
320,0.2938655367001316,0.9652626639739436,0
321,0.2972357411882792,0.9675018052420641,0
322,0.28203115010221985,0.9511655977215079,0
323,0.2891364617099422,0.9571387406142609,0
324,0.2829195719606897,0.9497891308040193,0
325,0.2830950275878374,0.9488313159590664,0
326,0.2858274360725217,0.9504299044959011,0
327,0.29689714729819744,0.9603652472337938,0
328,0.2961274659211646,0.9584606497653131,0
329,0.29201485697480384,0.9532125780605603,0
330,0.29525966956805083,0.9553213821656426,0
331,0.30585642582909006,0.964781585146367,0
332,0.29366430047156916,0.951452362654453,0
333,0.30364363528603433,0.9602940574189671,0
334,0.29324363416211574,0.9487558742685086,0
335,0.29103108754064216,0.9454046045833224,0
336,0.3037249678655036,0.9569592217471612,0
337,0.3023273702326076,0.9544218217962409,0
338,0.3082849783578792,0.9592390893872403,0
339,0.29721873341311356,0.947031966633152,0
340,0.29967050276159196,0.9483423218388987,0
341,0.31443981266386417,0.9619696822071137,0
342,0.308893166852551,0.9552805524129435,0
343,0.31189649545369125,0.9571408635253941,0
344,0.3024792773950703,0.9465800954156578,0
345,0.30374944375904916,0.9467061801099423,0
346,0.2996983399003298,0.9415104639072354,0
347,0.3132092737078382,0.9538762556411863,0
348,0.3080311154704153,0.9475524265457965,0
349,0.31149167525897203,0.9498667876375747,0
350,0.3048744861933558,0.9421028729824007,0
351,0.32132450032226867,0.9574056355754443,0
352,0.32302413733731483,0.9579574960552117,0
353,0.30908619680502425,0.9428712549355678,0
354,0.3167634041453289,0.9493996385842123,0
355,0.32230082984129405,0.95378771843241,0
356,0.3183810122814578,0.948718033817329,0
357,0.310032001975047,0.9392186361972572,0
358,0.3233872593441074,0.9514229869437301,0
359,0.3197777853977636,0.9466620880157908,0
360,0.3180013408462763,0.9437337010740466,0
361,0.312310732954724,0.9368906343343495,0
362,0.3215713310270266,0.944998258051819,0
363,0.3311967034900365,0.9534701416049328,0
364,0.31675145061405274,0.9378708862160398,0
365,0.325312313656967,0.9452772340955056,0
366,0.32224525161542816,0.941055145192876,0
367,0.32777362578457364,0.9454279817566078,0
368,0.32917669666614047,0.9456750052421787,0
369,0.3305731479145702,0.9459149002581921,0
370,0.3364924428131242,0.9506771310424906,0
371,0.3265291668260059,0.9395562840142788,0
372,0.33563044213170035,0.947499482307461,0
373,0.33425660810028085,0.9449670662479467,0
374,0.32761014101545344,0.9371615130756958,0
375,0.3399788480126913,0.9483706308828515,0
376,0.33412447037782583,0.9413561619123295,0
377,0.34546944275981545,0.9515405417705881,0
378,0.33229837420984637,0.9372083804667262,0
379,0.34049670079544836,0.9442451150265995,0
380,0.3423283193977953,0.9449146432901199,0
381,0.33820073366058523,0.9396244698601344,0
382,0.33890368748595706,0.939164339598342,0
383,0.33401193856330263,0.9331090111541039,0
384,0.3462570008834282,0.9441899994786047,0
385,0.35215484785715306,0.9489232789434502,0
386,0.3444894795794762,0.9400928506048332,0
387,0.3466732937777594,0.9411111131517158,0
388,0.34717998003705436,0.9404517571311557,0
389,0.35249012950951464,0.9445953746577178,0
390,0.3495659011926958,0.9405041256917728,0
391,0.34798232128226203,0.9377530373922031,0
392,0.3441293732003032,0.9327320941447199,0
393,0.35666599778958596,0.9441002377561128,0
394,0.3585395346544423,0.9448048087951377,0
395,0.34269877783811364,0.9277946022698599,0
396,0.3498064768535963,0.933732368658499,0
397,0.36197688254719085,0.944732359772978,0
398,0.3438658585923488,0.9254504402527677,0
399,0.35640155211235486,0.9368147581875701,0
400,0.3513476013265385,0.9305889527635274,0
401,0.35944996447417316,0.9375189831871211,0
402,0.36445679845686674,0.9413530073275626,0
403,0.3554757461379782,0.9311986690162074,0
404,0.3639740269523968,0.9385231886563341,0
405,0.3658936270355645,0.9392685533521674,0
406,0.3642170868478121,0.9364173045332108,0
407,0.35512134889573993,0.926146385675629,0
408,0.36732968523682863,0.9371790698068561,0
409,0.3657157698429615,0.9343890318691181,0
410,0.3716397290364567,0.9391363991554644,0
411,0.37174528209230845,0.9380648919120075,0
412,0.37317773765290385,0.9383198197526392,0
413,0.37359766844387104,0.9375617563748786,0
414,0.35777621494860085,0.9205618432343923,0
415,0.36912187547619263,0.9307285796129391,0
416,0.3630975990408118,0.9235249154977281,0
417,0.372307750632637,0.931555216852364,0
418,0.37905670905855576,0.9371238634575415,0
419,0.3767994345492669,0.9336858165181483,0
420,0.379290217807598,0.9349953677115809,0
421,0.379536731353894,0.9340601905331323,0
422,0.37148550182759726,0.9248268125975715,0
423,0.37832982598640047,0.9304885316382957,0
424,0.37502788806202064,0.9260035328631033,0
425,0.3839550294402532,0.9337471586342476,0
426,0.38420934487675046,0.9328175046842134,0
427,0.37174699970271624,0.9191707373214125,0
428,0.3745402477632032,0.9207791113684782,0
429,0.37822717220622204,0.9232807109513756,0
430,0.37665633137278637,0.9205240953894445,0
431,0.38406402255615324,0.9267455629546396,0
432,0.3734831512726862,0.9149780201423922,0
433,0.3737260620011778,0.9140338124109327,0
434,0.393376414850866,0.9324966008493056,0
435,0.3762331360557783,0.9141653126717132,0
436,0.39005572140519834,0.926799444647981,0
437,0.39656646676632273,0.932121293626214,0
438,0.37910864821505236,0.913474136663587,0
439,0.38372790710389226,0.9169036160942441,0
440,0.38843661506699095,0.9204221045343366,0
441,0.3936693316264565,0.9244641624883386,0
442,0.38344826871364107,0.9130520028703308,0
443,0.3911980278448908,0.9196102281797497,0
444,0.4001912165812358,0.9274114469610759,0
445,0.3987474699015115,0.9247752951769559,0
446,0.3949655349269813,0.9198005209328232,0
447,0.4022385638694763,0.925880277425037,0
448,0.39615459859016233,0.9186026074996492,0
449,0.3905249703246883,0.9117788433775511,0
450,0.3998198160496158,0.9198791230209031,0
451,0.3952326244161736,0.9140969360668874,0
452,0.3905056984313371,0.9081745865087875,0
453,0.39902351044325224,0.9154965476814101,0
454,0.40390145879003897,0.9191782189098898,0
455,0.41108626580138236,0.9251663235112773,0
456,0.40052844903291435,0.9134113800289211,0
457,0.4076319938898875,0.9193173748561413,0
458,0.40840740480529486,0.918894813414347,0
459,0.4073624643592505,0.9166514792724175,0
460,0.4103821583475741,0.9184723592152854,0
461,0.40803830090335036,0.9149292683654948,0
462,0.4071797206974653,0.9128710363837377,0
463,0.41722105658017034,0.9217123031104169,0
464,0.41004763331416244,0.9133383942987247,0
465,0.41404896813840064,0.9161388281784595,0
466,0.40464437619280413,0.9055329208807229,0
467,0.40660022495655157,0.9062870408762175,0
468,0.4129142093736924,0.9113988841008583,0
469,0.41777707011504084,0.9150591922176656,0
470,0.41599502393658483,0.9120741829751723,0
471,0.40671918670519897,0.9015949732331375,0
472,0.41076421656124423,0.9044362221251442,0
473,0.4158812240496142,0.9083490411896452,0
474,0.4261972160518981,0.9174604383021254,0
475,0.4189228746629281,0.9089810965516479,0
476,0.41761806531905293,0.9064708823691271,0
477,0.42223757232506764,0.9098845810542578,0
478,0.41181550178179016,0.8982562997030903,0
479,0.42675711808961087,0.9119913037115795,0
480,0.4282335196987899,0.9122606925258823,0
481,0.4299953999318412,0.9128151604647389,0
482,0.4314915088137557,0.9131034585496965,0
483,0.42495235723948077,0.9053560986725884,0
484,0.43095959392352334,0.9101547305451343,0
485,0.43458075202979124,0.9125668883287833,0
486,0.42724172897109586,0.9040184704342134,0
487,0.4314378132908351,0.9070047664030155,0
488,0.4352653266831553,0.9096220989278535,0
489,0.4254475923255658,0.8985937921850782,0
490,0.4397705011097741,0.9117057380655617,0
491,0.4394591307586165,0.9101830152916274,0
492,0.4276660640860255,0.8971782076770161,0
493,0.42559763262555045,0.8938976477554065,0
494,0.43446065366462056,0.9015481538146767,0
495,0.44066811734963823,0.9065427170019971,0
496,0.4430610819088556,0.9077223965467058,0
497,0.43672878679837923,0.9001764329063136,0
498,0.44601857721994137,0.908252172284272,0
499,0.446163867408398,0.9071830299174732,0
500,0.4479397651351368,0.907744114579656,0
501,0.4424327554525047,0.9010219123258314,0
502,0.4340048523114204,0.8913784381098963,0
503,0.44441394760348996,0.9005715848267474,0
504,0.4450143494001349,0.8999556615514079,0
505,0.43340097817989043,0.887125589766326,0
506,0.43752490084510703,0.8900324373780748,0
507,0.44652663375431306,0.8978167217497142,0
508,0.4480330448309517,0.8981053118095275,0
509,0.441812142741741,0.89066621722938,0
510,0.437044529209721,0.8846800407377658,0
511,0.4412397474612264,0.8876563265667797,0
512,0.4407290868172378,0.8859263650434669,0
513,0.44377334985460987,0.8877509597510507,0
514,0.4507286109663714,0.8934861860892324,0
515,0.44873168537384456,0.8902688602863083,0
516,0.45001911230918956,0.8903355225817151,0
517,0.4512231455007949,0.8903184277114183,0
518,0.45828760187802225,0.8961613936126563,0
519,0.45371167939207446,0.8903636192448084,0
520,0.45253011728656234,0.8879598448599595,0
521,0.45950184186104753,0.893708997766443,0
522,0.4637319818928043,0.8967162077506019,0
523,0.4643458868999402,0.8961068253399077,0
524,0.44918895128671127,0.8797262459482756,0
525,0.4514797718719475,0.8807930674044894,0
526,0.45911501641723323,0.8872039584803796,0
527,0.46037850153029714,0.8872427367942141,0
528,0.4594127021926485,0.8850518783383328,0
529,0.46267978581623304,0.8870935515358032,0
530,0.46643314336261105,0.8896211483595967,0
531,0.471550358690647,0.8935122536802786,0
532,0.4662276702825765,0.8869631069920734,0
533,0.4586470168270189,0.8781556479958765,0
534,0.46070009437609405,0.8789815737563711,0
535,0.4614884355697468,0.8785424179263503,0
536,0.46212443937661524,0.8779505804875862,0
537,0.45954934765320143,0.8741473043099988,0
538,0.47157248962881265,0.8849419196365959,0
539,0.46311545775909424,0.8752560199370066,0
540,0.4801734228909571,0.891084777072407,0
541,0.46347775733215507,0.8731595643650966,0
542,0.47845474705474933,0.8869066688019622,0
543,0.4824628945873335,0.8896845939267026,0
544,0.48056214568350214,0.8865532865082955,0
545,0.48130354895740596,0.886063796176552,0
546,0.4719514945540907,0.8754805140924546,0
547,0.47476463551551445,0.8770620943141746,0
548,0.46930905067153694,0.8703746166880595,0
549,0.4724383012397064,0.8722716434484192,0
550,0.47417586945137824,0.8727766578436439,0
551,0.4752466603026215,0.8726145658871103,0
552,0.47556251851579656,0.8716972133187574,0
553,0.4756038849938089,0.8705050420593405,0
554,0.4871520797593554,0.8808193731496758,0
555,0.48268283225242264,0.8751159370481387,0
556,0.4860238999675996,0.8772224922679743,0
557,0.4814925109035621,0.8714562678267831,0
558,0.4850105930848885,0.873739192768333,0
559,0.47973233120476916,0.8672254528052715,0
560,0.48553129758168795,0.8717886212758027,0
561,0.49633733105370886,0.8813585380379761,0
562,0.4879032716806856,0.8716880441718929,0
563,0.480233621640264,0.8627816428757097,0
564,0.486013009351985,0.8673239635897391,0
565,0.49736209099331485,0.8774356635124795,0
566,0.49096190048991445,0.8697977775908843,0
567,0.5003011670359446,0.8778990360406653,0
568,0.4937529964037393,0.8701125456559655,0
569,0.48964217856705095,0.8647630974326037,0
570,0.5042759552946974,0.8781579341617206,0
571,0.49734455154811275,0.8699872818273285,0
572,0.4959337127027639,0.8673368868277277,0
573,0.4906223124818955,0.8607856239092492,0
574,0.4999816588437872,0.8689048020535125,0
575,0.49245230749702773,0.8601349779926987,0
576,0.49850153405281317,0.8649434283618471,0
577,0.5056231979192591,0.8708240135931671,0
578,0.49434070888995807,0.8583001445045947,0
579,0.5012425354782565,0.8639602906340685,0
580,0.5122232597686346,0.873699035090909,0
581,0.5091082109903596,0.8693417081294708,0
582,0.5024459111198611,0.8614368327515166,0
583,0.49795850986089796,0.8557065596863848,0
584,0.5079862133431939,0.8644910960896223,0
585,0.5065338886469826,0.8617953100675296,0
586,0.5163184856016987,0.870336152475852,0
587,0.504878539628066,0.857652159761865,0
588,0.511568610182715,0.8630978924089926,0
589,0.5028879900852664,0.8531726442638888,0
590,0.51504067606931,0.8640804130874166,0
591,0.5095899385196133,0.8573844702918549,0
592,0.5101771250520086,0.8567261645207856,0
593,0.5172464395508328,0.862549700686532,0
594,0.5176610882575549,0.8617182860587853,0
595,0.5069166762790258,0.8497275267728546,0
596,0.5136197387713072,0.855183959013493,0
597,0.5206472789979084,0.8609645870731356,0
598,0.5178894331222242,0.8569595481443355,0
599,0.5100265439995824,0.8478491861118107,0
600,0.5280477544816495,0.8646226448568485,0
601,0.5274643291825547,0.8627911900234295,0
602,0.5190939032661593,0.8531724578054954,0
603,0.5214569708810282,0.8542869433819202,0
604,0.5230542938558608,0.8546354096119395,0
605,0.5139640627333557,0.8442960480690156,0
606,0.5225452406141996,0.851627822884824,0
607,0.5297036759825076,0.8575365835746938,0
608,0.5270561146106673,0.8536390769424512,0
609,0.5169194462575436,0.8422521937786228,0
610,0.522282581278347,0.8463648454703031,0
611,0.5250561663487919,0.8478876797253122,0
612,0.5242581724473907,0.8458386685544894,0
613,0.5297842193605863,0.8501134327768238,0
614,0.5333139580739144,0.8523916244106164,0
615,0.5335221663046414,0.851348022206118,0
616,0.533610586917531,0.8501843700612929,0
617,0.5413931423278819,0.8567145914248574,0
618,0.5350518988191163,0.8491207536138674,0
619,0.5428396555563629,0.8556556568272994,0
620,0.5345624079343271,0.8461252974939206,0
621,0.5380492196869929,0.8483587403819908,0
622,0.5389387852978659,0.8479946810095025,0
623,0.5411934520835155,0.848995467727724,0
624,0.5351708932544311,0.8417187747820541,0
625,0.5438759864040326,0.8491694808010314,0
626,0.5355320833869953,0.8395709386746596,0
627,0.5416186882550114,0.8444026534901661,0
628,0.5315618093952802,0.8330906346704935,0
629,0.5416278272007428,0.8419012636445321,0
630,0.5387159530267707,0.8377337528038078,0
631,0.5330958202988367,0.8308577366101526,0
632,0.5410720348645224,0.837577821947711,0
633,0.5413297041026918,0.8365791172321128,0
634,0.5369378237669357,0.8309306192539164,0
635,0.5474353259048446,0.8401712610978812,0
636,0.5410124814921441,0.8324913147771017,0
637,0.5550759558266899,0.8452974466270021,0
638,0.5550417780264189,0.8440056868032866,0
639,0.5571602676924535,0.8448663559450424,0
640,0.5566582689710403,0.8431062992366775,0
641,0.5566939320190124,0.841883667873383,0
642,0.5513139378353811,0.8352451438927224,0
643,0.5528299272547879,0.8355023691680847,0
644,0.5525189475653445,0.833932392026522,0
645,0.5524273629164104,0.8325815776565267,0
646,0.5549409428043999,0.8338356965938382,0
647,0.5593837737060758,0.8370188363547344,0
648,0.5610535569170734,0.8374286992745561,0
649,0.5596563437454504,0.8347713377012562,0
650,0.5502697763045074,0.8241243947882181,0
651,0.5597550791985557,0.8323490961800235,0
652,0.5600017529685435,0.8313349434580776,0
653,0.5682836794223045,0.8383558194708566,0
654,0.5684496896141117,0.8372605563134612,0
655,0.5634957403290288,0.8310451118119664,0
656,0.5584507516852871,0.824738407125798,0
657,0.56067329466649,0.8256990142799367,0
658,0.5640998286799506,0.8278633937232537,0
659,0.5647581172391816,0.8272593100110002,0
660,0.5651856810925636,0.8264242849334756,0
661,0.558358418462405,0.8183342177550854,0
662,0.5705231069053781,0.8292358870747776,0
663,0.5694569297111971,0.8269064772247183,0
664,0.5741372814631613,0.8303233838308357,0
665,0.5668565743466937,0.8217790201213565,0
666,0.5593424367170601,0.8130010154945253,0
667,0.5766609215563189,0.8290554239755528,0
668,0.5610417648202521,0.8121719825635457,0
669,0.5682877624867639,0.8181534882799053,0
670,0.575260964400934,0.8238619920133792,0
671,0.5687661916748606,0.8161023159199039,0
672,0.5661718876307515,0.8122429043656947,0
673,0.568385404762631,0.8131911108889519,0
674,0.5738213093721134,0.8173615028356337,0
675,0.570207649343197,0.8124821291342488,0
676,0.5852728646335221,0.8262814307871138,0
677,0.57829547657912,0.8180379301751013,0
678,0.5801240432815579,0.8186001864447842,0
679,0.5723083958302805,0.8095180317307762,0
680,0.579837948397351,0.8157808812504721,0
681,0.5805821536416478,0.8152581887082426,0
682,0.5853458754136863,0.8187548190002573,0
683,0.5766898029697096,0.8088314624285727,0
684,0.5919855227847268,0.8228597065141706,0
685,0.5796194573260539,0.8092259747704975,0
686,0.5843760986506201,0.8127147603007709,0
687,0.5929922184745504,0.8200628358675599,0
688,0.5938628239910777,0.8196652097106975,0
689,0.5894455476314591,0.8139795153081952,0
690,0.5814967337238087,0.8047620980350759,0
691,0.5932388175203168,0.8152353941905911,0
692,0.5783860597873904,0.7991136655883617,0
693,0.5823990417992931,0.8018574945500154,0
694,0.5898541582788639,0.8080432768459068,0
695,0.5803181669033287,0.7972377712009263,0
696,0.5970115157473873,0.8126614267375869,0
697,0.5932327883346191,0.8076128280274292,0
698,0.591157118775228,0.8042671102287647,0
699,0.5848375567399526,0.7966773240605861,0
700,0.5956344444557347,0.8062038127982345,0
701,0.6030383097719791,0.812337105339658,0
702,0.5924312402513081,0.8004592902961658,0
703,0.5921929919149971,0.7989501247378631,0
704,0.603413762367971,0.8088998073186455,0
705,0.593591944396549,0.7978067318739446,0
706,0.6006714100523917,0.8036147715046728,0
707,0.5998424515057293,0.8015142194304515,0
708,0.5939604078683792,0.7943604158126278,0
709,0.6028791494205784,0.8020072319811052,0
710,0.6020847124010216,0.7999407052243817,0
711,0.5942471717735827,0.7908309115562703,0
712,0.5959732796402636,0.7912846041288464,0
713,0.6125530461123557,0.8065917941036093,0
714,0.5946515981563872,0.7874176094974279,0
715,0.6139777436453197,0.8054708592337363,0
716,0.6006716345879807,0.7908916963719667,0
717,0.6100245155344979,0.7989713665129812,0
718,0.6161458350035864,0.8038193192263593,0
719,0.6069531931723637,0.7933531557402113,0
720,0.6051491070872398,0.7902753941520682,0
721,0.6128874349445836,0.7967398937095465,0
722,0.6069441494780135,0.7895226281976383,0
723,0.6178880247847116,0.7991923727650255,0
724,0.6153645475750015,0.7953946151736546,0
725,0.6045961860073444,0.7833518246337342,0
726,0.6037077251476343,0.781188787263028,0
727,0.6129689917843233,0.7891753309019792,0
728,0.6218059588325201,0.7967374295178091,0
729,0.6228100607421315,0.7964665186126568,0
730,0.6123057533826364,0.7846870551083529,0
731,0.6212595160429616,0.792365519346294,0
732,0.6266680269832157,0.7964985906391759,0
733,0.6204179664050863,0.7889729502413901,0
734,0.6126021381396605,0.7798814030368434,0
735,0.611666073406865,0.7776694812983965,0
736,0.6141864861688462,0.7789139000412445,0
737,0.6212978286304186,0.7847491125233633,0
738,0.6205600258758106,0.7827350448822548,0
739,0.6226229562381206,0.7835215765044021,0
740,0.6128837562225754,0.7725058449485279,0
741,0.6172166535817774,0.7755620790208393,0
742,0.6232018180825799,0.7802704495419038,0
743,0.6169887236608412,0.7727804315014013,0
744,0.630658964629788,0.7851736202664868,0
745,0.6228131705940594,0.7760506464958346,0
746,0.6176380228381836,0.7695981925281127,0
747,0.6265309735391944,0.7772137115945995,0
748,0.629466619029487,0.778871801082038,0
749,0.6286484753098943,0.7767759780457122,0
750,0.6320188479171809,0.7788685490769385,0
751,0.6404239056123057,0.7859956839913294,0
752,0.637026652107848,0.7813203875562174,0
753,0.624328910612729,0.7673444840353763,0
754,0.6390525294996121,0.7807898228564205,0
755,0.6405602528471769,0.7810191491530775,0
756,0.6338239640403244,0.7730043473653934,0
757,0.6353966476768295,0.7732984031463833,0
758,0.6429680634172948,0.7795910772119853,0
759,0.640042085107406,0.7753862444633141,0
760,0.6360624596802813,0.7701276528890106,0
761,0.6441215522812664,0.7769076686900346,0
762,0.6380099701717719,0.7695169001835026,0
763,0.633288102405579,0.7635157374789922,0
764,0.6451649569889135,0.7741131896386152,0
765,0.6498756058514593,0.7775443296480299,0
766,0.6319573368422285,0.758346446412311,0
767,0.6401186776004176,0.7652280686268041,0
768,0.6399048669042803,0.7637344361259987,0
769,0.6461853393810767,0.7687349845934753,0
770,0.637285156380137,0.7585547764349697,0
771,0.645322787544223,0.765312282349732,0
772,0.6399778852057196,0.7586871557267182,0
773,0.6499639099719834,0.7673928582299379,0
774,0.6456772767312605,0.761825805804371,0
775,0.6552714420924207,0.770139456115701,0
776,0.641470849920634,0.755058254085991,0
777,0.6552136136878361,0.767520314244148,0
778,0.6484670616811423,0.7594929659343355,0
779,0.6475398091857506,0.7572848254988764,0
780,0.6592472890436986,0.7677113268370095,0
781,0.6598506215460651,0.7670335912970888,0
782,0.6595911509205498,0.7654929641641631,0
783,0.46058908657613196,0.4284578340163073,1
784,0.46058908657613196,0.4284578340163073,1
785,0.46058908657613196,0.4284578340163073,1
786,0.46058908657613196,0.4284578340163073,1
787,0.46058908657613196,0.4284578340163073,1
788,0.46058908657613196,0.4284578340163073,1
789,0.46058908657613196,0.4284578340163073,1
790,0.46058908657613196,0.4284578340163073,1
791,0.46058908657613196,0.4284578340163073,1
792,0.46058908657613196,0.4284578340163073,1
793,0.46058908657613196,0.4284578340163073,1
794,0.46058908657613196,0.4284578340163073,1
795,0.46058908657613196,0.4284578340163073,1
796,0.46058908657613196,0.4284578340163073,1
797,0.46058908657613196,0.4284578340163073,1
798,0.46058908657613196,0.4284578340163073,1
799,0.46058908657613196,0.4284578340163073,1
800,0.46058908657613196,0.4284578340163073,1
801,0.46058908657613196,0.4284578340163073,1
802,0.46058908657613196,0.4284578340163073,1
803,0.46058908657613196,0.4284578340163073,1
804,0.46058908657613196,0.4284578340163073,1
805,0.46058908657613196,0.4284578340163073,1
806,0.46058908657613196,0.4284578340163073,1
807,0.46058908657613196,0.4284578340163073,1
808,0.46058908657613196,0.4284578340163073,1
809,0.46058908657613196,0.4284578340163073,1
810,0.46058908657613196,0.4284578340163073,1
811,0.46058908657613196,0.4284578340163073,1
812,0.46058908657613196,0.4284578340163073,1
813,0.46058908657613196,0.4284578340163073,1
814,0.46058908657613196,0.4284578340163073,1
815,0.46058908657613196,0.4284578340163073,1
816,0.46058908657613196,0.4284578340163073,1
817,0.46058908657613196,0.4284578340163073,1
818,0.46058908657613196,0.4284578340163073,1
819,0.46058908657613196,0.4284578340163073,1
820,0.46058908657613196,0.4284578340163073,1
821,0.46058908657613196,0.4284578340163073,1
822,0.46058908657613196,0.4284578340163073,1
823,0.46058908657613196,0.4284578340163073,1
824,0.46058908657613196,0.4284578340163073,1
825,0.46058908657613196,0.4284578340163073,1
826,0.46058908657613196,0.4284578340163073,1
827,0.46058908657613196,0.4284578340163073,1
828,0.46058908657613196,0.4284578340163073,1
829,0.46058908657613196,0.4284578340163073,1
830,0.46058908657613196,0.4284578340163073,1
831,0.46058908657613196,0.4284578340163073,1
832,0.46058908657613196,0.4284578340163073,1
833,0.46058908657613196,0.4284578340163073,1
834,0.46058908657613196,0.4284578340163073,1
835,0.46058908657613196,0.4284578340163073,1
836,0.46058908657613196,0.4284578340163073,1
837,0.46058908657613196,0.4284578340163073,1
838,0.46058908657613196,0.4284578340163073,1
839,0.46058908657613196,0.4284578340163073,1
840,0.46058908657613196,0.4284578340163073,1
841,0.46058908657613196,0.4284578340163073,1
842,0.46058908657613196,0.4284578340163073,1
843,0.46058908657613196,0.4284578340163073,1
844,0.46058908657613196,0.4284578340163073,1
845,0.46058908657613196,0.4284578340163073,1
846,0.46058908657613196,0.4284578340163073,1
847,0.46058908657613196,0.4284578340163073,1
848,0.46058908657613196,0.4284578340163073,1
849,0.46058908657613196,0.4284578340163073,1
850,0.46058908657613196,0.4284578340163073,1
851,0.46058908657613196,0.4284578340163073,1
852,0.46058908657613196,0.4284578340163073,1
853,0.46058908657613196,0.4284578340163073,1
854,0.46058908657613196,0.4284578340163073,1
855,0.46058908657613196,0.4284578340163073,1
856,0.46058908657613196,0.4284578340163073,1
857,0.46058908657613196,0.4284578340163073,1
858,0.46058908657613196,0.4284578340163073,1
859,0.46058908657613196,0.4284578340163073,1
860,0.46058908657613196,0.4284578340163073,1
861,0.46058908657613196,0.4284578340163073,1
862,0.46058908657613196,0.4284578340163073,1
863,0.6973793359217969,0.6993109436259325,0
864,0.7141148697478268,0.7147616702359852,0
865,0.7142478582904866,0.7136098510288211,0
866,0.7020398417844791,0.7001170272995789,0
867,0.7167857793128459,0.7135781591917356,0
868,0.7040000842529723,0.6995076611431111,0
869,0.7051715323238192,0.6993943099330978,0
870,0.7097520727767288,0.7026900558734672,0
871,0.7172462039075398,0.7088993983204828,0
872,0.7183850900885104,0.7087535027068232,0
873,0.7177829100967297,0.7068665488699921,0
874,0.7100141932126789,0.6978130671508789,0
875,0.7140128220186088,0.7005269411921342,0
876,0.7127900411725618,0.6980194167121931,0
877,0.7103927296991163,0.6943373737960171,0
878,0.7170926129278928,0.6997525388335996,0
879,0.7077829695618747,0.6891581915882861,0
880,0.7070162493199863,0.6871067828393509,0
881,0.7172063117016864,0.6960121731465905,0
882,0.7101563000565287,0.6876775069198826,0
883,0.7135123176041478,0.6897488884391714,0
884,0.7209811752730371,0.6959331296932443,0
885,0.7245348931528133,0.6982022518319965,0
886,0.7128307372620926,0.6852135219343045,0
887,0.7311274174580624,0.7022256509175994,0
888,0.7217034024192021,0.6915171085205842,0
889,0.7312171723832656,0.6997463760412179,0
890,0.7200730614747725,0.6873177886642037,0
891,0.718351455090224,0.6843117328462057,0
892,0.718835404298852,0.6835112607165955,0
893,0.7275767051775662,0.6909681694124004,0
894,0.7199840501069459,0.6820911523742922,0
895,0.7333297175406093,0.6941524891159573,0
896,0.7259996585490065,0.6855381317678881,0
897,0.7212680430424265,0.6795222513003891,0
898,0.7364468553587232,0.6934168331113021,0
899,0.7217678745748961,0.677453657337586,0
900,0.7384476564807048,0.6928492808289307,0
901,0.7340871297337663,0.6872046333028535,0
902,0.7350544240254802,0.6868878455106227,0
903,0.7313867675150643,0.6819361466712931,0
904,0.7297969284422755,0.6790623060844259,0
905,0.7311594404988915,0.6791408585015691,0
906,0.7320565554496609,0.6787540567472075,0
907,0.741608734285654,0.6870223628721119,0
908,0.7334762599220265,0.6776060608511024,0
909,0.7445537645186079,0.687399783903635,0
910,0.7414316059252112,0.6829938909391121,0
911,0.7335551623999944,0.6738337612752416,0
912,0.7279954707962785,0.6669904328248547,0
913,0.7294573602180047,0.6671687357513623,0
914,0.7314842712326387,0.6679121116816579,0
915,0.7395029730365038,0.6746473308714502,0
916,0.740384779635936,0.6742457083864177,0
917,0.7428387493466663,0.6754163036015896,0
918,0.7398949591499501,0.6711891945574738,0
919,0.7434945293574083,0.6735055026248989,0
920,0.736722378580546,0.6654501474745298,0
921,0.7340585810213036,0.6615032043674195,0
922,0.7364505103547838,0.662612048037735,0
923,0.7390854053028433,0.6639639182663474,0
924,0.7512133257160376,0.6748088759627765,0
925,0.7399967279438343,0.6623093785354034,0
926,0.7529323277924935,0.6739621428493489,0
927,0.7392821370228368,0.6590291817242426,0
928,0.7493514024250892,0.6678157430090643,0
929,0.7382986370347127,0.6554803407979753,0
930,0.7395689046334498,0.6554680399313628,0
931,0.7511687001282822,0.665785336374796,0
932,0.7447076446770906,0.6580418523446858,0
933,0.7503012476165769,0.6623530982362064,0
934,0.7423074519091175,0.6530770180701477,0
935,0.7592791500703293,0.6687665054204798,0
936,0.7566839894497698,0.6648892086950527,0
937,0.7580700136263626,0.6649931725310209,0
938,0.7428076047586097,0.6484487801450548,0
939,0.7447891639290468,0.649148433677795,0
940,0.7594524990938829,0.6625299421434909,0
941,0.7588453208497311,0.6606410171967315,0
942,0.7629162686831833,0.6634302993820181,0
943,0.7630538084320058,0.6622862555949596,0
944,0.7614654548441594,0.6594164016412913,0
945,0.7515267210822419,0.6481962517413175,0
946,0.7536441170706574,0.6490323168770786,0
947,0.7556909976116245,0.64979795290836,0
948,0.7656113237723885,0.6584371219599016,0
949,0.7589858699522337,0.6505305994884104,0
950,0.7570081973337547,0.6472719477338311,0
951,0.751866042425698,0.6408489042621861,0
952,0.766034548093885,0.6537366129964981,0
953,0.7563835314830354,0.6428048921386122,0
954,0.7543270867744832,0.6394678369269117,0
955,0.7633329619890608,0.6471931964392001,0
956,0.7611793287754853,0.6437591433810887,0
957,0.7601967689281379,0.6414962606037728,0
958,0.7707855836155636,0.6508048503325314,0
959,0.775091744055184,0.6538308848414403,0
960,0.7657150406996364,0.6431741556397077,0
961,0.7746125804455024,0.650791770680405,0
962,0.7677784648788321,0.6426778326059875,0
963,0.7588898925793417,0.6325095410524931,0
964,0.7772709629858308,0.6496109965149572,0
965,0.7614565479764299,0.6325170719276606,0
966,0.7662321646611717,0.6360132854566988,0
967,0.7697261363066802,0.6382279614246709,0
968,0.7664556948733098,0.6336783328478179,0
969,0.7664615919991387,0.6324051524200152,0
970,0.7696191321581924,0.6342837256709944,0
971,0.7795151541057912,0.642900892411691,0
972,0.7708501041395904,0.6329570999952834,0
973,0.7827342443406549,0.6435626115582659,0
974,0.7788112434106488,0.6383610968576391,0
975,0.7736038110896039,0.6318752666886757,0
976,0.775184961596965,0.6321781363259662,0
977,0.7828570522909428,0.6385720641827696,0
978,0.777882275154355,0.6323192432968556,0
979,0.7743535277648875,0.627512572300763,0
980,0.7864226767171215,0.6383039188438272,0
981,0.7844831630351201,0.6350867250047652,0
982,0.7750337451779509,0.6243597502971979,0
983,0.7850634393472781,0.6331120119772405,0
984,0.7789542653720726,0.6257255309282128,0
985,0.7806124562413043,0.6261065411933298,0
986,0.7729731126173838,0.6171901444891429,0
987,0.7795123370898123,0.6224524444591888,0
988,0.7804807497000258,0.6221440621988329,0
989,0.7791023570226949,0.6194890053365681,0
990,0.7878890934592065,0.6269992093274961,0
991,0.7833925755038306,0.6212262917194924,0
992,0.785645661091135,0.6222031115006212,0
993,0.7802508025061956,0.6155321220093444,0
994,0.7770561278897942,0.6110614524397175,0
995,0.7890531850499272,0.6217826516528997,0
996,0.7866311158682892,0.6180848625836344,0
997,0.7958164751574796,0.6259946410974563,0
998,0.7909739133324908,0.6198766386621781,0
999,0.789971543474962,0.6175989694121437,0
1000,0.7874688013134133,0.6138210701284611,0
1001,0.7918766033031025,0.6169538583188588,0
1002,0.7945268120921181,0.6183291976837778,0
1003,0.7827642876588986,0.6052919492538897,0
1004,0.7919779335900168,0.6132310176678807,0
1005,0.8001699164042755,0.6201485704965457,0
1006,0.7830542419140225,0.6017586146041031,0
1007,0.7879889484347968,0.6054191893578396,0
1008,0.79438309399796,0.6105393538407412,0
1009,0.7999045278123232,0.6147869583131194,0
1010,0.8002132517903506,0.6138220057388126,0
1011,0.7941859340156012,0.6065211652526288,0
1012,0.8045332828168307,0.6155951462344451,0
1013,0.7871176047198938,0.5969062562611105,0
1014,0.7938898755759901,0.6024054722346892,0
1015,0.8030259265124119,0.6102686263332094,0
1016,0.805804973529242,0.6117749356073591,0
1017,0.7910322604840493,0.5957296449651807,0
1018,0.7995532865121978,0.6029782545923799,0
1019,0.795589554541929,0.5977422684674066,0
1020,0.794109547782943,0.5949901708500358,0
1021,0.792759210991995,0.5923679075469626,0
1022,0.8062432812558638,0.6045802166947701,0
1023,0.7921390450423922,0.5892043858109686,0
1024,0.7946873127639037,0.590481226357412,0
1025,0.7964942996544505,0.5910169546175446,0
1026,0.8044912427912375,0.5977428087178243,0
1027,0.7973175995362941,0.5892982470693935,0
1028,0.8048175418294594,0.5955274426610635,0
1029,0.8088656599145087,0.59830498678544,0
1030,0.7984882947639069,0.5866572214636758,0
1031,0.8080871503471172,0.5949858517137786,0
1032,0.8089253455136582,0.5945539974336671,0
1033,0.8059684781309449,0.5903272575390113,0
1034,0.8156030149723553,0.5986920998512981,0
1035,0.8010246730658219,0.582844242446422,0
1036,0.798352637746143,0.5789028717069954,0
1037,0.8028832880781117,0.5821643677454774,0
1038,0.8025218549511147,0.5805339624987707,0
1039,0.8156885468408318,0.5924318654899209,0
1040,0.8130337751123748,0.5885084891312542,0
1041,0.8168259392051648,0.5910322339092543,0
1042,0.817467322337182,0.5904053840888107,0
1043,0.8119313816110323,0.5836013978192854,0
1044,0.8205045072676169,0.5909066663881805,0
1045,0.8166458534414242,0.5857803449764294,0
1046,0.8060550748306002,0.5739220893284678,0
1047,0.8060105200544093,0.5726102491096914,0
1048,0.8193845482781257,0.5847171845313484,0
1049,0.8236227483502193,0.5876884854877231,0
1050,0.8209901854317099,0.5837892181854903,0
1051,0.8217476808967092,0.5832802050442558,0
1052,0.8241337351237124,0.584399947487847,0
1053,0.8141801604606844,0.573180258909399,0
1054,0.8114234908022291,0.5691576742485224,0
1055,0.8132428792226791,0.5697113476243924,0
1056,0.8148360206952054,0.5700389750548576,0
1057,0.8262110069398093,0.5801486493044304,0
1058,0.8156736314097506,0.568346164870716,0
1059,0.826078762017567,0.5774863907104291,0
1060,0.8174655899283549,0.5676085190326746,0
1061,0.8164089680273162,0.5652874037664943,0
1062,0.8276696659629761,0.575283815604082,0
1063,0.8211596184927623,0.567509690346364,0
1064,0.8273952568298722,0.5724814602498637,0
1065,0.8309584227837132,0.5747809681671415,0
1066,0.8301954910728676,0.5727545898597599,0
1067,0.8310835926712111,0.5723794573443998,0
1068,0.8280432509093867,0.5680760949943336,0
1069,0.8268493121463611,0.5656193502109819,0
1070,0.8171482723960767,0.5546557200505635,0
1071,0.8266879503017834,0.5629330241984271,0
1072,0.8341960616679542,0.569178979500965,0
1073,0.8176033645822609,0.5513243450875893,0
1074,0.8253620313227591,0.557821294277915,0
1075,0.8228244871255497,0.5540222533494212,0
1076,0.8334118595318188,0.5633483508844898,0
1077,0.8373653378872508,0.5660407772698178,0
1078,0.8297280786151181,0.5571426899695067,0
1079,0.8305629739901885,0.5567169822989682,0
1080,0.8369343000575854,0.5618279313437834,0
1081,0.8408911496395972,0.5645246309665128,0
1082,0.8339668031187971,0.5563403625898139,0
1083,0.8334264876958082,0.5545403544542056,0
1084,0.8390363092515591,0.5588907134803238,0
1085,0.8306881760169388,0.5492833489385738,0
1086,0.8248515790667058,0.5421877529430404,0
1087,0.8402773782858696,0.5563547864178675,0
1088,0.8398895777616376,0.5547084544892045,0
1089,0.8374312165504354,0.5509917972522249,0
1090,0.8279071447807052,0.5402096658739254,0
1091,0.8277695855612028,0.5388142845014207,0
1092,0.8278477285941478,0.5376348438750931,0
1093,0.8417095441614324,0.5502393153148011,0
1094,0.8403695272725737,0.5476421948678304,0
1095,0.8317191545302562,0.5377349601744352,0
1096,0.839878738946324,0.5446379252838303,0
1097,0.8465548084970274,0.5500576192094355,0
1098,0.8420130087047918,0.5442596885106463,0
1099,0.8351392110737189,0.5361300057283307,0
1100,0.8486037260519319,0.5483388823471763,0
1101,0.8433733718923997,0.5418531376565128,0
1102,0.8331362895934732,0.530360913690847,0
1103,0.8488380150037095,0.5448077473346864,0
1104,0.835281677382769,0.5299967688834362,0
1105,0.845758247848431,0.5392189504904126,0
1106,0.8470899235648309,0.5392964903550799,0
1107,0.847320494167808,0.5382731791483985,0
1108,0.8515603054692659,0.5412593637171822,0
1109,0.8537848370103261,0.5422305246372535,0
1110,0.8434176963698548,0.5306102705219667,0
1111,0.8495836431993888,0.5355233620571352,0
1112,0.837967706587004,0.522654829364899,0
1113,0.8494809461882372,0.5329157331346439,0
1114,0.840821453616384,0.5230041660133008,0
1115,0.8507131398679529,0.5316440400307966,0
1116,0.8581762591654853,0.5378556104428759,0
1117,0.8529928920704005,0.5314209588439431,0
1118,0.8504795445101077,0.5276565921941739,0
1119,0.8520934891563153,0.5280197841978257,0
1120,0.8505165358218589,0.5251923457000611,0
1121,0.8448167162623363,0.5182423094885862,0
1122,0.858324430342307,0.5305000764598453,0
1123,0.855931486673365,0.5268574562570959,0
1124,0.8454647139922516,0.5151412786485193,0
1125,0.8519056320116225,0.5203330643779865,0
1126,0.8599172146070438,0.527095788352055,0
1127,0.8572774905336278,0.5232074803566013,0
1128,0.8460863473712503,0.5107680290020391,0
1129,0.8532234899557947,0.5166571401545629,0
1130,0.8587539389249635,0.5209398354819568,0
1131,0.8635780849299407,0.5245165066652578,0
1132,0.8654992020705746,0.5251904288339367,0
1133,0.865483002022352,0.5239273146928721,0
1134,0.8570212133570352,0.5142188938429862,0
1135,0.8504599075093411,0.5064112387479228,0
1136,0.8594334661479024,0.5141387321050086,0
1137,0.8601979364427316,0.5136574221127149,0
1138,0.8663217029437982,0.5185356943492359,0
1139,0.8547327528787935,0.5057015370702503,0
1140,0.8504030489940607,0.5001269140498523,0
1141,0.8686628480715605,0.5171420830975164,0
1142,0.8676901148749483,0.5149250100041721,0
1143,0.860587611305781,0.5065784576984121,0
1144,0.8546922198751409,0.4994393097181132,0
1145,0.8533965756206183,0.4969002021274191,0
1146,0.86110552575829,0.5033659831687191,0
1147,0.8566775723322597,0.49769515591218483,0
1148,0.8610326456302705,0.5008076516713853,0
1149,0.8698259184856802,0.5083586443052585,0
1150,0.8557259717208329,0.49301671566148403,0
1151,0.8706093677571686,0.5066584291865909,0
1152,0.8751096197820815,0.5099172990928144,0
1153,0.8682802511210587,0.5018468497302366,0
1154,0.8720291312746308,0.5043549516237327,0
1155,0.8598422776012459,0.49092762315584665,0
1156,0.8577894361514655,0.4876346114009849,0
1157,0.8726044741748884,0.5012097846323396,0
1158,0.858660230848243,0.48602598304998135,0
1159,0.859612350404267,0.48573885190973587,0
1160,0.8680735736497536,0.49296113304123185,0
1161,0.8715403477916313,0.4951892746739773,0
1162,0.8665498635684407,0.4889604685688371,0
1163,0.8632592597741059,0.4844318545418042,0
1164,0.8793717439935534,0.4993066411996154,0
1165,0.8703062003433208,0.48900371368036155,0
1166,0.8760405593453229,0.49350100352725085,0
1167,0.8663217094132841,0.48254540017504266,0
1168,0.8760812786235318,0.4910685327208373,0
1169,0.8746217782674603,0.48837291347654144,0
1170,0.8789223288966508,0.49143766401398603,0
1171,0.8832100777351501,0.4944899325772047,0
1172,0.874036449020501,0.48408114442346306,0
1173,0.8691365821196188,0.4779464399391344,0
1174,0.8675439009371728,0.47511924404808004,0
1175,0.877580516811514,0.4839216691075771,0
1176,0.8769145715158663,0.4820218579095078,0
1177,0.8824570641196464,0.4863308105416795,0
1178,0.8746148776590391,0.47725541105839786,0
1179,0.8735448651165273,0.4749525134599973,0
1180,0.8777082129796744,0.47788330525162237,0
1181,0.8691505932070818,0.46809345940918307,0
1182,0.8834491755950814,0.48116014674604884,0
1183,0.8786204670147402,0.4750998751500496,0
1184,0.889870820054214,0.4851189982258316,0
1185,0.8884393434459553,0.48245662572206155,0
1186,0.8864652037694133,0.47925192523412735,0
1187,0.8798181975697069,0.47137469432281104,0
1188,0.8900638285643588,0.48039043772101947,0
1189,0.8725057880546053,0.46160284774509647,0
1190,0.8904019004085885,0.47826974977801157,0
1191,0.8764027387472175,0.46304171795522125,0
1192,0.8769136287536083,0.46232407897410926,0
1193,0.8807263217120139,0.464908585132913,0
1194,0.8885705407553707,0.47152496057827303,0
1195,0.8889108468443084,0.47063776728423806,0
1196,0.8907087583414528,0.47120852462656926,0
1197,0.8844110815269615,0.4636840398982755,0
1198,0.8784004768489967,0.4564469745600836,0
1199,0.8841719156312946,0.46099230094800814,0
1200,0.8839837298489838,0.4595783520491684,0
1201,0.8832589333392497,0.45762814271245267,0
1202,0.8908972964670078,0.46404144431418964,0
1203,0.8855616377598989,0.45748107639314334,0
1204,0.8847081451066593,0.4554032278488835,0
1205,0.8826445737176604,0.4521156549023217,0
1206,0.8922385740136685,0.4604860089844737,0
1207,0.8840343383765376,0.4510584834871486,0
1208,0.8873424556210616,0.45314366823480107,0
1209,0.8857582449984025,0.4503368834879599,0
1210,0.89409586894223,0.45745229268936505,0
1211,0.8867286499408368,0.4488632193360831,0
1212,0.8823027175421189,0.4432157939844865,0
1213,0.8912785964617891,0.45097054235846584,0
1214,0.8888230516392729,0.4472942304053262,0
1215,0.890074001833962,0.44732477789203773,0
1216,0.8903845268278154,0.44641526560783834,0
1217,0.8913350142132961,0.4461460821521668,0
1218,0.9035773842853553,0.45716914882664944,0
1219,0.8907864015983178,0.4431592311919817,0
1220,0.8985389657772818,0.44969322987932797,0
1221,0.886201787071403,0.43613785614360673,0
1222,0.8944841097248417,0.44320235523443385,0
1223,0.8983881819321298,0.44588897635149116,0
1224,0.904835846693026,0.4511195634993793,0
1225,0.8960992732428447,0.44116628691794596,0
1226,0.8879564187755189,0.43180710480534995,0
1227,0.8982519112048685,0.44088664607932493,0
1228,0.9057109907186199,0.44713015193120237,0
1229,0.8936076872625885,0.4338116533100896,0
1230,0.892704146027588,0.43169329640978044,0
1231,0.9057169992089915,0.44349171442831525,0
1232,0.8958883888214823,0.4324490503827299,0
1233,0.9050429625660521,0.44038995297605443,0
1234,0.8968185109712987,0.43095221373860837,0
1235,0.9055381937961546,0.4384589934307306,0
1236,0.9040472222893856,0.43575550430227483,0
1237,0.9107857894460888,0.4412819403491081,0
1238,0.8946730859025017,0.42395749320792,0
1239,0.9065222153913968,0.43459526761161316,0
1240,0.8953349380406744,0.42219702468789977,0
1241,0.8971431636870348,0.4227946752729686,0
1242,0.9047659526586732,0.4292072806941816,0
1243,0.9032848582464734,0.4265163952412668,0
1244,0.9117712528303495,0.4337933922926575,0
1245,0.906265367748563,0.4270785041848107,0
1246,0.9027998096734479,0.42240433858792964,0
1247,0.9082547187861076,0.4266510366806601,0
1248,0.9052809669009307,0.4224694712746071,0
1249,0.8973165828582135,0.4132976722069539,0
1250,0.9011908198852269,0.4159648937015307,0
1251,0.9162602279091406,0.42982768668173554,0
1252,0.8977015124130594,0.4100627576265723,0
1253,0.902997146053609,0.41415258018823303,0
1254,0.9153364129777903,0.4252864395089537,0
1255,0.9036771542386759,0.41242217763670896,0
1256,0.9136757403832579,0.42121616611305845,0
1257,0.9045604318479149,0.4108966663686147,0
1258,0.9066239973959956,0.411756448160624,0
1259,0.9108496478513465,0.4147787233064938,0
1260,0.9142410868278783,0.4169671964133603,0
1261,0.910163108127127,0.41168666227564504,0
1262,0.9182807604852743,0.41860217062207816,0
1263,0.9116732574746061,0.41079293601715355,0
1264,0.914131966166457,0.41205032652407314,0
1265,0.9178362860200937,0.41455374259363087,0
1266,0.9058364102334511,0.40135337841494545,0
1267,0.9192338420064203,0.41355073817875043,0
1268,0.9220728091368198,0.4151900506733615,0
1269,0.9064357440303084,0.3983537492945918,0
1270,0.9231823438213208,0.4139015321666838,0
1271,0.9072335956760083,0.39675438744525066,0
1272,0.918847897450955,0.40717071397599225,0
1273,0.9114080815471237,0.3985333451486382,0
1274,0.9255561930515094,0.41148432703860277,0
1275,0.9125287614945801,0.3972601901644233,0
1276,0.907897381559719,0.39143253019720187,0
1277,0.9081717929204903,0.39051108779787164,0
1278,0.9106902023024622,0.39183407067901654,0
1279,0.9125192836118494,0.39246815373351546,0
1280,0.922986952702936,0.4017412538019624,0
1281,0.9126964735492906,0.39025663584388276,0
1282,0.9145402995052929,0.3909067541992565,0
1283,0.9114438771537147,0.3866170564361002,0
1284,0.9136991500824054,0.38767948712715267,0
1285,0.9194700743239049,0.3922580032894835,0
1286,0.9286216307255737,0.4002175867546262,0
1287,0.9259234958444299,0.3963279150634124,0
1288,0.9216703602467538,0.39088367976557514,0
1289,0.9154769740495362,0.3834996319611983,0
1290,0.9192852762975947,0.3861177116778301,0
1291,0.9220157599406194,0.38765841284752955,0
1292,0.917226686870841,0.38167999834453276,0
1293,0.9270896304715547,0.3903540425337756,0
1294,0.9253761279162865,0.38745208357006167,0
1295,0.9163313061170758,0.3772192493463401,0
1296,0.9308094975534021,0.39050987332263587,0
1297,0.9260090968836512,0.38452235113751115,0
1298,0.9239114105600391,0.3812379902229918,0
1299,0.9189418578208882,0.3750822107968401,0
1300,0.9213243556009191,0.3762789307728469,0
1301,0.9249556029042434,0.37872485013382434,0
1302,0.9287030736665824,0.38128744379382223,0
1303,0.9234499719406704,0.37484991678353163,0
1304,0.9188205360490972,0.3690365084031262,0
1305,0.9325034376547772,0.38153589129272975,0
1306,0.9220700170155843,0.3699194066870526,0
1307,0.9199805204884026,0.3666473019194381,0
1308,0.9245244761523348,0.3700091060450739,0
1309,0.9347661973051125,0.37906913333739795,0
1310,0.9365774853184373,0.3796991861434412,0
1311,0.9212120778319095,0.36315300307775505,0
1312,0.9315843732997806,0.372344983569162,0
1313,0.9295327912383046,0.36911354810810787,0
1314,0.9280681491876132,0.36646951520853394,0
1315,0.9385050263025668,0.3757274649987298,0
1316,0.93101338405403,0.3670573599226054,0
1317,0.9378064607400143,0.37267243925083476,0
1318,0.9295655542874159,0.36325400188259305,0
1319,0.9328989303937167,0.36541031448725475,0
1320,0.9348684351914178,0.3662032241688291,0
1321,0.939833296362324,0.36999195958024195,0
1322,0.9356643591283422,0.3646473669141332,0
1323,0.9276784368231591,0.3554862604745354,0
1324,0.9258539463949944,0.35248705817962445,0
1325,0.9368755147964386,0.36233438795155787,0
1326,0.9311262625197991,0.3554113712518189,0
1327,0.9360458039904666,0.3591576234745822,0
1328,0.9342155017030823,0.3561545080828826,0
1329,0.9342937366700022,0.3550604070570745,0
1330,0.9435687578061496,0.3631635702796876,0
1331,0.9266250023084557,0.3450484359148636,0
1332,0.9362283167592598,0.353480851511758,0
1333,0.9275180093143144,0.3436001261925425,0
1334,0.9333207349488011,0.348232915898421,0
1335,0.9364904592287556,0.35023318716105445,0
1336,0.9291370080957753,0.34171076688726576,0
1337,0.9329102543674016,0.34431552885942385,0
1338,0.9366217702003122,0.34685904619863256,0
1339,0.9293600938966988,0.338429858171109,0
1340,0.9289290571569455,0.3368317974408617,0
1341,0.9290544030137187,0.33579060800377786,0
1342,0.9302476036660658,0.3358177630217235,0
1343,0.948088120919676,0.352492725262801,0
1344,0.9441790907082235,0.3474186316226935,0
1345,0.9361477940505457,0.33822276408184176,0
1346,0.9334510489743081,0.33436194162910765,0
1347,0.9391070040369869,0.3388543137827571,0
1348,0.9365229425145168,0.33510716477910535,0
1349,0.9377757932008249,0.33519742437205247,0
1350,0.9463604441620505,0.3426199815872998,0
1351,0.931968655955719,0.32706659794152454,0
1352,0.9510558147180901,0.34499266052972793,0
1353,0.9520326840970739,0.344808933958148,0
1354,0.9336446382577941,0.3252607933498251,0
1355,0.9489027138882605,0.33935927635027074,0
1356,0.9451156855392543,0.33441315846735353,0
1357,0.9408548682004605,0.3289937556474316,0
1358,0.9433711207482265,0.330351927723108,0
1359,0.9367825444109878,0.32260577687865905,0
1360,0.9380574754168877,0.32272364029764905,0
1361,0.9406992391424065,0.3242088443115623,0
1362,0.9425648388054015,0.3249183930928407,0
1363,0.9446052806878539,0.32580329387762935,0
1364,0.9392121162538716,0.3192550990837808,0
1365,0.943408548725591,0.32229701288675283,0
1366,0.9371459393110088,0.31488039744744256,0
1367,0.9449409157043482,0.32152188141254967,0
1368,0.9501357455460463,0.32556373337456385,0
1369,0.9462161594920742,0.3204916849410848,0
1370,0.9384927886657288,0.3116163681866118,0
1371,0.9475988697581611,0.31957102075307237,0
1372,0.9564085594205246,0.32722980024196946,0
1373,0.9482275717309652,0.31789842168136995,0
1374,0.9393302529429389,0.30785123227422334,0
1375,0.9440976893786243,0.31146931929177146,0
1376,0.9539510864106007,0.3201738890552273,0
1377,0.9478624706016239,0.3129369690755486,0
1378,0.9540166330461121,0.3179433513949241,0
1379,0.94410817461601,0.3068876378326373,0
1380,0.9571142605887062,0.3187469946129805,0
1381,0.9599916347819423,0.3204781665001671,0
1382,0.944329158582247,0.3036700158267608,0
1383,0.9583833540113774,0.3165790655601195,0
1384,0.9486835314810668,0.3057346270571398,0
1385,0.9586931157069366,0.3146001259781693,0
1386,0.9560888493380225,0.31085230591653307,0
1387,0.9514044778776606,0.3050249133194161,0
1388,0.957707230203898,0.3101851780082764,0
1389,0.9512848717046095,0.3026208663139582,0
1390,0.9581193062792976,0.30831388307849267,0
1391,0.9622314096065874,0.3112851049225921,0
1392,0.9504639296604305,0.2983772807618518,0
1393,0.9470513937438394,0.29382493884048577,0
1394,0.9509904487416121,0.29662472698404796,0
1395,0.9587844348810898,0.3032799863601911,0
1396,0.9614122648358978,0.30476963058240647,0
1397,0.9489597154266902,0.2911794374107671,0
1398,0.9534766138380075,0.2945592349687858,0
1399,0.9649312324677157,0.3048772965928519,0
1400,0.9482532325579043,0.28706328446313023,0
1401,0.956850773513767,0.29452535892243964,0
1402,0.9490748729328361,0.2856145385054868,0
1403,0.9551969325956448,0.2906022259295294,0
1404,0.9630373586246994,0.2973088282533446,0
1405,0.9655032402105257,0.2986414356032778,0
1406,0.9579441165110749,0.2899495880726455,0
1407,0.9507750871455563,0.2816483862155676,0
1408,0.9603139835609501,0.2900556624134812,0
1409,0.9498789547319424,0.2784895665750718,0
1410,0.9568170194503546,0.2842971184257054,0
1411,0.9600411763923693,0.28639131757465014,0
1412,0.9649091620039224,0.29012990140047035,0
1413,0.9635873206991394,0.28767921524946083,0
1414,0.9538670401993146,0.27683064777462507,0
1415,0.9548352430836791,0.276671122486444,0
1416,0.9686669264389687,0.2893756374024407,0
1417,0.9537198240617812,0.27330192724953933,0
1418,0.9662597898280978,0.2847158468335839,0
1419,0.9675959922755762,0.2849265656216319,0
1420,0.9700977355423369,0.28630338868073923,0
1421,0.9561411785912253,0.27122247590222126,0
1422,0.9622019991533792,0.2761595059452209,0
1423,0.9662997919430528,0.2791340744515299,0
1424,0.9566377770030142,0.2683494023909866,0
1425,0.9670982907340824,0.27768782709101286,0
1426,0.9653394619698219,0.2748074783113065,0
1427,0.9594806163776004,0.26782768264489953,0
1428,0.9556788508132348,0.2629055378728019,0
1429,0.9662310488439579,0.27233792848696875,0
1430,0.9608112846943988,0.2657989296362798,0
1431,0.9608648891421165,0.26473387302207135,0
1432,0.9637897250777945,0.26654062245833166,0
1433,0.9592708956538444,0.26090428202030186,0
1434,0.9654571109147624,0.2659735626748336,0
1435,0.9699679618668926,0.26936805635014993,0
1436,0.9632126933693778,0.2614970088267963,0
1437,0.9651714755916424,0.262340591195123,0
1438,0.969845561411944,0.2659000572538346,0
1439,0.9642230893715326,0.25916354646415024,0
1440,0.9633882502123428,0.2572152504874935,0
1441,0.9750747194354699,0.26778884574396816,0
1442,0.9753631507609871,0.2669649868721756,0
1443,0.9731010875662633,0.26359121816753045,0
1444,0.972558018641105,0.2619370293374027,0
1445,0.9659476187800852,0.2542160960934452,0
1446,0.958395452463853,0.2455539838329028,0
1447,0.9759287975266273,0.26197797130610617,0
1448,0.9748659501500871,0.2598063556103588,0
1449,0.9697976049732989,0.253629832299867,0
1450,0.9605958332265933,0.24332047351961286,0
1451,0.9739925580976716,0.25561020337146245,0
1452,0.9614276886696788,0.24193893185223583,0
1453,0.9725030315837162,0.25190846651621995,0
1454,0.97100035587063,0.24930057730695782,0
1455,0.9615464522119601,0.23874205581819363,0
1456,0.9686535402013816,0.2447451225553166,0
1457,0.9784145886831017,0.25340274727375456,0
1458,0.9768930178421072,0.25077835106922197,0
1459,0.9745341488283638,0.24731725600191898,0
1460,0.9683211394845292,0.24000262082424223,0
1461,0.9627716266885352,0.23335208332336801,0
1462,0.9788674465945458,0.2483474805622074,0
1463,0.9666899234494752,0.2350701376959261,0
1464,0.9632656837688865,0.2305466821478401,0
1465,0.9786841838399261,0.24486657111235038,0
1466,0.9782586675909101,0.24334304942452942,0
1467,0.9750699575764719,0.23905694054526574,0
1468,0.9744368539029631,0.23732704548666647,0
1469,0.9654518752764525,0.22724588386005423,0
1470,0.9818323469264284,0.24253078179966836,0
1471,0.9678656195094054,0.22746909086627284,0
1472,0.9735205565987658,0.23202967553699447,0
1473,0.9819667116250229,0.2393820901455878,0
1474,0.9692165701253541,0.22553882113196555,0
1475,0.9772087907458318,0.23243852804442963,0
1476,0.9759297575820782,0.23006759588032583,0
1477,0.9700062611272625,0.22305281603403845,0
1478,0.9829568885060485,0.23491277653093956,0
1479,0.9815805160418567,0.23244635459464802,0
1480,0.9674304054479715,0.21720681283813784,0
1481,0.9744268779324089,0.22311447336860354,0
1482,0.9775718999114413,0.22517130350098535,0
1483,0.9670265333119172,0.2135383660602878,0
1484,0.973537366769749,0.21896225058006663,0
1485,0.9706090667223649,0.2149476243948805,0
1486,0.9791604543603344,0.22241330959191472,0
1487,0.975961753107365,0.2181295304909781,0
1488,0.9783888028637239,0.21947212788792375,0
1489,0.9779610487036637,0.21796054775207357,0
1490,0.9710081583622547,0.20992445871305093,0
1491,0.9709286369054957,0.20876236673088888,0
1492,0.979174910564655,0.21592669893037225,0
1493,0.9776075603348056,0.21327803719957125,0
1494,0.9791579825300456,0.21374777874506107,0
1495,0.9680851685078629,0.2015949158162862,0
1496,0.9805801490587822,0.21301048009520626,0
1497,0.9819560009304547,0.2133075492203855,0
1498,0.9804306745490449,0.2107040745083787,0
1499,0.9855201102611308,0.21471599719562984,0
